{"Mods":[{"Author":"OsirisOfInternet","Name":"Owlbear Cub Permanent Aggression Fix","Folder":"Owlbear_Cub_Perma_Aggression_Fix","Version":"36169534507319296","Description":"If playing with Honor Mode Ruleset, killing the Owlbear Mother before the Mate will cause the Cub to remain in combat. This ensures that the appropriate flag is tripped in that scenario, allowing you to progress with the Cub's storyline. Safe to remove at any point.","UUID":"b83fa12c-e1de-4884-968c-f936e25ef85e","Created":"2024-10-20T18:04:11.4642257-05:00","Dependencies":[],"Group":"f457539d-fbe8-48f1-93ee-955df335cc5a"}],"MD5":"98f868d63ed1ff0c1da518312cf3f1b7"}